{
  "rpc": {
    "rowNum": [
      -0.001819798,
      1.05893,
      -0.04865194,
      -0.008931413,
      0.0009396401,
      0.0003210434,
      -2.958493e-05,
      0.0009050124,
      2.154841e-06,
      -1.973179e-06,
      -2.197979e-06,
      -0.0003278231,
      -7.328548e-05,
      -9.277953e-05,
      9.503792e-05,
      3.25173e-06,
      4.273859e-06,
      2.187546e-06,
      6.594836e-07,
      7.837837e-07
    ],
    "rowDen": [
      1.0,
      0.0008312957,
      -0.001082452,
      -0.0003568737,
      -7.909193e-05,
      -4.39406e-06,
      -2.115065e-06,
      0.0002097118,
      -5.697575e-05,
      -8.781703e-05,
      1.256313e-06,
      0.0006978909,
      2.804975e-06,
      9.852023e-08,
      -8.403722e-05,
      1.106864e-07,
      1.76161e-07,
      -1.72154e-05,
      2.846286e-08,
      5.846147e-08
    ],
    "colNum": [
      -0.006759414,
      0.00105125,
      1.031473,
      -0.02411341,
      -0.003243495,
      -0.0007650443,
      0.0003055273,
      -0.0001333309,
      0.005703244,
      -2.706692e-07,
      -1.214205e-05,
      -0.0003291101,
      3.334586e-05,
      -8.330706e-07,
      -5.623914e-05,
      9.574234e-06,
      -1.11744e-05,
      1.311167e-05,
      3.085137e-06,
      2.746404e-07
    ],
    "colDen": [
      1.0,
      0.003334898,
      0.00109964,
      -0.0004772925,
      -5.910318e-05,
      2.812519e-06,
      -2.379091e-06,
      4.279629e-05,
      -9.70496e-07,
      -1.117039e-05,
      -1.463578e-07,
      -4.370834e-06,
      -1.299386e-06,
      -6.066658e-08,
      3.634214e-06,
      4.180732e-08,
      4.706415e-08,
      4.165668e-07,
      0.0,
      0.0
    ],
    "rowOff": 9614.0,
    "rowScale": 19234.0,
    "colOff": -5237.0,
    "colScale": 21250.0,
    "latOff": 30.2992,
    "latScale": 0.0686,
    "lonOff": -81.6397,
    "lonScale": 0.0698,
    "altOff": -21.0,
    "altScale": 501.0
  },
  "height": 38912,
  "width": 43008,
  "capTime": "2014-10-05T16:01:38.873575+00:00",
  "sunAzim": 150.3,
  "sunElev": 50.8,
  "satAzim": 19.8,
  "satElev": 69.3
}