{
  "rpc": {
    "rowNum": [
      -0.002000111,
      1.032183,
      -0.02414603,
      -0.007612037,
      0.0003916867,
      0.0003295782,
      -1.578387e-05,
      0.0009343965,
      3.369326e-05,
      -1.798889e-06,
      -1.285162e-06,
      -0.0002238114,
      -5.22938e-05,
      -6.508227e-05,
      8.198102e-05,
      1.213926e-06,
      1.524131e-06,
      1.534241e-06,
      3.938269e-07,
      4.805986e-07
    ],
    "rowDen": [
      1.0,
      0.001023875,
      -0.0004490163,
      -0.0003556553,
      -5.46602e-05,
      -2.591625e-06,
      -8.117674e-07,
      0.0001419813,
      -4.173242e-05,
      -6.324643e-05,
      1.114858e-07,
      0.0002999759,
      1.104541e-07,
      1.489226e-08,
      -2.000332e-05,
      4.308926e-08,
      5.626873e-08,
      -6.047249e-06,
      3.675384e-08,
      4.302053e-08
    ],
    "colNum": [
      -0.004594342,
      0.0008213734,
      1.021031,
      -0.0160806,
      -0.002066875,
      -0.0008472439,
      0.0003889555,
      -0.0001474615,
      0.003661134,
      1.130001e-06,
      -6.874174e-06,
      -0.0003551142,
      5.803668e-05,
      -9.604427e-07,
      -7.525197e-05,
      -1.642597e-05,
      -2.030142e-05,
      1.108721e-05,
      1.920789e-06,
      3.236218e-07
    ],
    "colDen": [
      1.0,
      0.002099949,
      0.0009604387,
      -0.0004712448,
      -6.355614e-05,
      2.407107e-06,
      -1.633303e-06,
      5.748253e-05,
      -1.560107e-05,
      -2.023367e-05,
      -2.21554e-07,
      -1.416384e-06,
      -8.674458e-07,
      -7.778162e-08,
      2.147348e-06,
      7.29792e-08,
      5.185059e-08,
      4.616876e-07,
      2.258959e-08,
      1.771196e-08
    ],
    "rowOff": 9745.0,
    "rowScale": 19362.0,
    "colOff": -5747.0,
    "colScale": 21250.0,
    "latOff": 30.2994,
    "latScale": 0.0633,
    "lonOff": -81.6397,
    "lonScale": 0.066,
    "altOff": -21.0,
    "altScale": 501.0
  },
  "height": 38912,
  "width": 43008,
  "capTime": "2014-10-05T16:01:49.835975+00:00",
  "sunAzim": 150.3,
  "sunElev": 50.9,
  "satAzim": 24.0,
  "satElev": 76.4
}