{
  "rpc": {
    "rowNum": [
      0.000771707,
      -0.05548616,
      -1.072266,
      -0.01636137,
      0.0001904183,
      3.222546e-06,
      7.028967e-06,
      -0.00017492,
      -0.0001957814,
      1.390272e-06,
      -4.031114e-07,
      -6.626389e-07,
      -5.726258e-06,
      -9.136115e-07,
      -1.375171e-05,
      -6.565435e-05,
      -1.762352e-05,
      -2.214119e-07,
      -1.766809e-06,
      -2.671688e-07
    ],
    "rowDen": [
      1.0,
      0.0002400343,
      0.0007562639,
      2.089414e-05,
      -7.747758e-06,
      1.339515e-07,
      -2.54401e-06,
      1.154758e-05,
      -3.851695e-05,
      1.63954e-05,
      -2.260637e-06,
      -6.225081e-08,
      -7.440883e-05,
      -1.045419e-08,
      -3.890379e-06,
      -0.0004772333,
      -3.273876e-07,
      -5.87607e-08,
      -2.174839e-05,
      0.0
    ],
    "colNum": [
      -0.00438444,
      1.018694,
      -0.00026329,
      -0.01652356,
      -0.0009442848,
      0.0003488918,
      -0.0001917793,
      0.003571843,
      0.0006882113,
      -8.626629e-06,
      -1.795572e-06,
      6.659951e-06,
      -2.383098e-05,
      -3.382332e-06,
      3.628058e-06,
      -0.0002679802,
      -2.708615e-07,
      2.63368e-06,
      -1.272189e-05,
      5.416789e-08
    ],
    "colDen": [
      1.0,
      0.0008332744,
      0.0009589385,
      -0.0004280217,
      -1.76909e-05,
      -1.607104e-06,
      1.405404e-06,
      2.662676e-06,
      2.566157e-05,
      -3.536285e-06,
      -1.154049e-08,
      0.0,
      0.0,
      0.0,
      -1.034972e-07,
      -6.11304e-07,
      0.0,
      -1.150665e-08,
      -3.60755e-08,
      0.0
    ],
    "rowOff": 287821759.0,
    "rowScale": 22430.0,
    "colOff": 253894999.0,
    "colScale": 21250.0,
    "latOff": 30.3007,
    "latScale": 0.0726,
    "lonOff": -81.6396,
    "lonScale": 0.0749,
    "altOff": -19.0,
    "altScale": 501.0
  },
  "height": 45056,
  "width": 43008,
  "capTime": "2014-10-11T15:57:20.047375+00:00",
  "sunAzim": 150.9,
  "sunElev": 48.5,
  "satAzim": 138.1,
  "satElev": 70.8
}