{
  "0000_WV03_14NOV15135121-P1BS-500171606160_05_P005.png": [
    811,
    828,
    -569.9538731837919,
    -183073.76999798077,
    0.20343758001399692,
    -10742922.010587808,
    217880.76552011637,
    -4001.869726291494,
    -0.39217922191892285,
    7271282.01268994
  ],
  "0001_WV03_15JAN05135727-P1BS-500497282040_01_P001.png": [
    1250,
    1268,
    -21.597314378348244,
    290651.03606082656,
    0.08533775981049985,
    17024983.25639701,
    -347373.4658045494,
    -686.1883449710149,
    0.43052421561878873,
    -12005434.47318884
  ],
  "0002_WV03_15JAN11135414-P1BS-500497283010_01_P001.png": [
    1274,
    1250,
    29.386547141608023,
    -290684.0013757413,
    0.2616483853344107,
    -17025399.063244548,
    351313.6898736996,
    1417.9031902867137,
    0.184326426962798,
    12185255.73253327
  ],
  "0003_WV03_15JAN23134652-P1BS-500497282020_01_P001.png": [
    1221,
    1183,
    558.1325021933927,
    -247356.31858511007,
    1.179357046406949,
    -14469296.816121422,
    324460.1012905909,
    -7351.778637120035,
    -0.18728436009405414,
    10746530.174398584
  ],
  "0004_WV03_15FEB06141035-P1BS-500497283080_01_P001.png": [
    1188,
    1127,
    -905.5813965928257,
    -235128.76686812268,
    -1.3037566641432932,
    -13803395.670929674,
    318632.2244509901,
    -3255.4621946836705,
    0.05916154137230478,
    10785685.944775082
  ],
  "0005_WV03_15FEB11135123-P1BS-500497282030_01_P001.png": [
    1259,
    1293,
    560.971059052731,
    -271843.9502883084,
    0.7073404985130765,
    -15903542.959998837,
    329836.68755979335,
    14404.119321352162,
    0.6332441391787142,
    12206125.583195774
  ],
  "0006_WV03_15FEB12140652-P1BS-500497283100_01_P001.png": [
    1228,
    1265,
    921.1371620644088,
    -253647.9060622221,
    -1.0330913349753246,
    -14825234.892543785,
    319449.5931916285,
    -18763.08408979178,
    0.5526480212065508,
    9905520.202905087
  ],
  "0007_WV03_15MAR08134953-P1BS-500497284060_01_P001.png": [
    1229,
    1203,
    566.0332345446898,
    -250122.5625170616,
    1.150666968227597,
    -14631054.267683467,
    325151.1536085442,
    -9498.675196146447,
    -0.25270637158246245,
    10644590.941993024
  ],
  "0008_WV03_15MAR15140133-P1BS-500497284070_01_P001.png": [
    1233,
    1280,
    -295.43386535854796,
    -278543.02846742707,
    -0.32463588727114256,
    -16325417.92165386,
    322748.5858861191,
    -8430.042700412218,
    0.892595284502022,
    10624419.507670343
  ],
  "0009_WV03_15MAR21135704-P1BS-500497282060_01_P001.png": [
    1237,
    1282,
    263.36018831017225,
    -281230.78133874,
    0.2707011116144713,
    -16463628.696547447,
    326942.96839334123,
    7299.0034936710435,
    0.8363622207471053,
    11690246.135520149
  ],
  "0010_WV03_15MAR22141208-P1BS-500497285090_01_P001.png": [
    1200,
    1169,
    -43.74251886169988,
    -240386.7809752006,
    -1.2597828648868017,
    -14081696.179499565,
    320485.2950757388,
    -7883.2280694824,
    0.17405096871516434,
    10578459.698117482
  ],
  "0011_WV03_15APR02134718-P1BS-500497282050_01_P001.png": [
    1135,
    1154,
    -58.29826624599516,
    -219692.18519540073,
    1.4193682718178025,
    -12870135.522762215,
    306405.34305917396,
    -13409.30537401588,
    -0.24616752188740065,
    9769767.69325836
  ],
  "0012_WV03_15APR02134804-P1BS-500497284080_01_P001.png": [
    1143,
    1275,
    -53.33220147572491,
    -231231.17930818655,
    1.1308068868966075,
    -13545854.208706358,
    284520.2095749966,
    37717.18990118883,
    0.9147412368001824,
    12010685.517216412
  ],
  "0013_WV03_15APR03140238-P1BS-500497283030_01_P001.png": [
    1249,
    1273,
    -367.44939442857213,
    -289945.4070543376,
    -0.08878244135121349,
    -16995803.397974018,
    344533.6190323086,
    903.7843648802955,
    -0.5365656519134063,
    11921630.75439525
  ],
  "0014_WV03_15APR22140347-P1BS-500497282070_01_P001.png": [
    1275,
    1262,
    304.3120344784302,
    -290644.1896498228,
    -0.25097322174406145,
    -17013575.56890846,
    349527.1262375011,
    -2090.2785470617528,
    0.2973100507078925,
    11918221.391307358
  ],
  "0015_WV03_15MAY04135349-P1BS-500497283060_01_P001.png": [
    1236,
    1296,
    979.3725778431049,
    -260140.28725598412,
    0.8862832357408479,
    -15203597.44618855,
    318292.4762009729,
    21495.774516588688,
    0.7244807880051667,
    12223863.633209346
  ],
  "0016_WV03_15MAY05140810-P1BS-500497282090_01_P001.png": [
    1190,
    1250,
    -504.1872223823611,
    -265579.67484017916,
    -0.40539345888828393,
    -15573289.298118224,
    295244.7423384996,
    14360.542306594187,
    -1.1835618471959606,
    11012047.378378676
  ],
  "0017_WV03_15JUN12140737-P1BS-500497284090_01_P001.png": [
    1190,
    1260,
    -295.0252897666032,
    -262151.08752495743,
    -0.5190999268961605,
    -15365247.501276854,
    293777.4520357577,
    -18833.2372108766,
    1.153301408776315,
    9017065.352691663
  ],
  "0018_WV03_15JUN18140207-P1BS-500497285040_01_P001.png": [
    1253,
    1296,
    -11.328707564470141,
    -276664.8836139972,
    0.5294101846084232,
    -16205642.1688962,
    326769.6495287918,
    -12916.406043253024,
    -0.7741331735160202,
    10500214.074782187
  ],
  "0019_WV03_15JUN19141753-P1BS-500497283090_01_P001.png": [
    1190,
    1111,
    -711.2217588329836,
    -235660.0352925425,
    -1.3075455464422703,
    -13827819.01485883,
    319933.97283690324,
    -70.22212871891679,
    -0.012193341863167007,
    11017099.85734877
  ],
  "0020_WV03_15JUN24135730-P1BS-500497285080_01_P001.png": [
    1206,
    1285,
    435.2620405156162,
    -248351.13240145694,
    1.0462473274819786,
    -14531803.481338419,
    308057.5172424464,
    -26582.907814465812,
    -0.7410939799665357,
    9055110.95491456
  ],
  "0021_WV03_15JUN30135323-P1BS-500497282080_01_P001.png": [
    1194,
    1137,
    805.3277581870716,
    -237043.83673545154,
    1.2941146033263067,
    -13856738.151968837,
    318841.9324298171,
    4686.030891830975,
    0.09088839220930822,
    11258092.709353302
  ],
  "0022_WV03_15JUL14141509-P1BS-500497283020_01_P001.png": [
    1206,
    1280,
    824.8100780075009,
    -247592.98058346743,
    -1.0577792665571906,
    -14473891.281727038,
    308956.06209054653,
    -25551.118377448554,
    0.7147511037110235,
    9146439.962607203
  ],
  "0023_WV03_15JUL19135438-P1BS-500497285010_01_P001.png": [
    1194,
    1116,
    510.2909374530319,
    -237383.14265729464,
    1.292901419190457,
    -13886775.956696756,
    319417.61752639303,
    -1063.3418894607457,
    -0.03195726785634179,
    10941143.79532678
  ],
  "0024_WV03_15AUG27141600-P1BS-500497284050_01_P001.png": [
    1221,
    1284,
    1049.729066639141,
    -254081.17460936375,
    -0.9670075383037329,
    -14846190.05988245,
    312779.1061098676,
    -23124.647479860723,
    0.7288545051924302,
    9420264.567792837
  ],
  "0025_WV03_15SEP01135603-P1BS-500497284040_01_P001.png": [
    1192,
    1170,
    524.4560297288533,
    -237285.35055652887,
    1.2805068185116397,
    -13880560.628110558,
    317353.0602723742,
    9785.873914726079,
    0.20253855919872876,
    11505544.906239612
  ],
  "0026_WV03_15SEP08140733-P1BS-500497283070_01_P001.png": [
    1205,
    1255,
    -63.79189963760931,
    -282352.43753900024,
    0.015217069943901151,
    -16540605.575503087,
    326233.3926761441,
    836.5242106694786,
    0.8633637692473712,
    11287244.48006357
  ],
  "0027_WV03_15SEP14140305-P1BS-500497285020_01_P001.png": [
    1273,
    1283,
    434.1785846394787,
    -277369.2672919898,
    0.6438221140851965,
    -16231550.583105274,
    336635.412216571,
    10545.176737668517,
    0.5141599338676315,
    12214278.759575944
  ],